"Timestamp","What is your age?","Gender","Place of origin","Have you ever taken a tour of Baguio before?","What type of transportation did you use to arrive in Baguio City?","In which month did you have your last visit/outing in Baguio?","How many days did this visit/outing last?","Who accompanied you during these visits? ","How did you travel around the city during your visit?","If you used public transportation, which did you use the most?","Which tourist spot/s have you visited in your last trip/outing to Baguio City?","If you were to recommend to a friend three tourist spots in Baguio City, what would they be?","How important is location when choosing a tourist spot to visit?","How important is accessibility (e.g. ease of getting to the spot) when choosing a tourist spot to visit?","How important is cost (e.g. entrance fees, transportation, etc.) when choosing a tourist spot to visit?","How important is safety when choosing a tourist spot to visit?","How important is cultural significance when choosing a tourist spot to visit?","Have any of the following factors caused you to not visit a tourist spot in Baguio City? (select all that apply)"
"2023/04/07 12:07:35 AM GMT+8","18 to 24 years old","Male","CAR (Cordillera Administrative Region)","Yes","Van","June","1","Friends or colleagues","Walking","","Mines View;Wright Park;The Mansion","Burnham Park;Tam-Awan Village;Botanical Garden","5","5","3","5","4","Location;Accessibility;Lack of interest"
"2023/04/07 12:15:07 AM GMT+8","18 to 24 years old","Male","CAR (Cordillera Administrative Region)","Yes","None. I live here.","April","1","Friends or colleagues","Public Transportation","Jeepney","Burnham Park;Mines View;Wright Park;The Mansion;Camp John Hay;Tam-Awan Village;Eco park;Diplomat Hotel;Yellow Trail;Baguio Museum;Baguio Cathedral;Botanical Garden;SM Baguio;Baguio Night Market","Tam-Awan Village;SM Baguio;Baguio Night Market","5","5","5","5","3","Location;Accessibility;Cost;Safety;Lack of interest"
"2023/04/07 12:23:36 AM GMT+8","18 to 24 years old","Male","CAR (Cordillera Administrative Region)","No","","","","","","","","","5","5","5","5","5","Accessibility;Lack of interest"
"2023/04/07 12:26:17 AM GMT+8","18 to 24 years old","Male","CAR (Cordillera Administrative Region)","Yes","None. I live here.","April","1","No one","Walking","Jeepney","Burnham Park","Sky Ranch Baguio;SM Baguio;Baguio Night Market","5","5","4","3","4","Location"
"2023/04/07 12:31:26 AM GMT+8","18 to 24 years old","Female","Region III (Central Luzon)","Yes","Private vehicle","April","1","Family and /or relatives","Private Vehicle","Taxi","Botanical Garden;SM Baguio;Strawberry farm","Mirador Hill;Eco Park;Igorot Stone Kingdom","4","4","4","5","5","Cost;Lack of interest"
"2023/04/07 12:31:29 AM GMT+8","18 to 24 years old","Female","Region III (Central Luzon)","Yes","Private vehicle","March","1","Family and /or relatives","Private Vehicle","","Baguio Cathedral;Botanical Garden;SM Baguio;Baguio Night Market","Mirador Hill;Eco Park;Igorot Stone Kingdom","5","5","5","5","5","Location;Accessibility;Cost;Safety;Lack of interest"
"2023/04/07 12:43:03 AM GMT+8","18 to 24 years old","Male","CAR (Cordillera Administrative Region)","Yes","Private vehicle","January","5","Family and /or relatives","Public Transportation","Jeepney","Burnham Park;Mines View;Wright Park;The Mansion;Camp John Hay;BenCab Musem;Tam-Awan Village;Mirador Hill;Eco park;Igorot Stone Kingdom;Diplomat Hotel;Yellow Trail;Bell House;Sky Ranch Baguio;Baguio Museum;Baguio Cathedral;Botanical Garden;SM Baguio;Baguio Night Market;Good Shepherd Convent","Mirador Hill;Eco Park;Botanical Garden","5","5","5","5","5","Location"
"2023/04/07 12:48:41 AM GMT+8","18 to 24 years old","Male","CAR (Cordillera Administrative Region)","No","","","","","","","","","5","5","5","5","5","Accessibility;Lack of interest"
"2023/04/07 12:49:36 AM GMT+8","18 to 24 years old","Male","CAR (Cordillera Administrative Region)","Yes","Private vehicle","August","3","Friends or colleagues","Public Transportation","Jeepney","Mirador Hill;Eco park;Igorot Stone Kingdom;Baguio Museum;SM Baguio","BenCab Museum;Igorot Stone Kingdom;Yellow Trail","5","5","5","5","5","Cost"
"2023/04/07 12:50:15 AM GMT+8","18 to 24 years old","Male","CAR (Cordillera Administrative Region)","No","","","","","","","","","5","5","5","5","5","Accessibility;Lack of interest"
"2023/04/07 12:50:44 AM GMT+8","18 to 24 years old","Male","CAR (Cordillera Administrative Region)","No","","","","","","","","","5","5","5","5","5","Accessibility;Lack of interest"
"2023/04/07 12:51:15 AM GMT+8","18 to 24 years old","Male","CAR (Cordillera Administrative Region)","No","","","","","","","","","5","5","5","5","5","Accessibility;Lack of interest"
"2023/04/07 12:51:55 AM GMT+8","18 to 24 years old","Male","CAR (Cordillera Administrative Region)","Yes","Private vehicle","October","2","Friends or colleagues","Private Vehicle","","Burnham Park;Eco park;Bell House","Burnham Park;Eco Park;Bell House","5","5","5","5","5","Lack of interest"
"2023/04/07 12:53:04 AM GMT+8","18 to 24 years old","Male","CAR (Cordillera Administrative Region)","Yes","Private vehicle","July","1","Friends or colleagues","Walking","","Burnham Park;Yellow Trail;Botanical Garden","Burnham Park;Yellow Trail;Botanical Garden","5","5","5","5","5","Location"
"2023/04/07 1:09:16 AM GMT+8","18 to 24 years old","Male","CAR (Cordillera Administrative Region)","Yes","Private vehicle","April","More than 5","Family and /or relatives","Walking","","Burnham Park;SM Baguio;Baguio Night Market","Burnham Park;SM Baguio;Baguio Night Market","5","5","5","5","5","Location;Cost;Lack of interest"
"2023/04/07 1:56:36 AM GMT+8","18 to 24 years old","Female","CAR (Cordillera Administrative Region)","No","","","","","","","","","5","5","5","5","5","Accessibility;Cost;Safety"
"2023/04/07 8:54:18 AM GMT+8","18 to 24 years old","Male","CAR (Cordillera Administrative Region)","No","","","","","","","","","4","5","4","5","3","Cost;Lack of interest"
"2023/04/07 9:14:26 AM GMT+8","18 to 24 years old","Male","Region I (Ilocos Region)","Yes","Van","March","5","No one","Public Transportation","Jeepney","Burnham Park;Mines View;Wright Park;The Mansion;Camp John Hay;BenCab Musem;Tam-Awan Village;Mirador Hill;Eco park;Igorot Stone Kingdom;Diplomat Hotel;Yellow Trail;Bell House;Sky Ranch Baguio;Baguio Museum;Baguio Cathedral;Botanical Garden;SM Baguio;Baguio Night Market;Good Shepherd Convent","Mines View;Igorot Stone Kingdom;Botanical Garden","5","5","5","5","3","Lack of interest"
"2023/04/07 9:17:05 AM GMT+8","18 to 24 years old","Female","Region I (Ilocos Region)","Yes","Van","March","1","Friends or colleagues","Public Transportation","Jeepney","Burnham Park;Camp John Hay;Botanical Garden;SM Baguio;Baguio Night Market","Burnham Park;Baguio Museum;Botanical Garden","5","5","5","5","5","Accessibility;Cost"
"2023/04/07 9:24:45 AM GMT+8","18 to 24 years old","Female","Region I (Ilocos Region)","Yes","Private vehicle","March","1","Family and /or relatives","Walking","Taxi","Burnham Park;Mines View;Baguio Cathedral;Botanical Garden;SM Baguio;Baguio Night Market","Burnham Park;Igorot Stone Kingdom;Baguio Night Market","5","5","5","5","4","Location;Accessibility;Lack of interest"
"2023/04/07 9:32:47 AM GMT+8","18 to 24 years old","Male","Region I (Ilocos Region)","Yes","Private vehicle","December","5","Family and /or relatives","Private Vehicle","Taxi","Burnham Park;Camp John Hay;Baguio Cathedral;SM Baguio","Camp John Hay;Eco Park;Yellow Trail","5","2","3","5","1","Accessibility;Lack of interest"
"2023/04/07 9:37:24 AM GMT+8","18 to 24 years old","Male","CAR (Cordillera Administrative Region)","Yes","None. I live here.","April","5","Family and /or relatives","Walking","Jeepney","Burnham Park;Mines View;Wright Park;Camp John Hay;Sky Ranch Baguio;Baguio Museum;Baguio Cathedral;Botanical Garden;SM Baguio;Baguio Night Market","Burnham Park;Baguio Museum;Baguio Night Market","5","5","5","5","5","Lack of interest"
"2023/04/07 9:48:25 AM GMT+8","18 to 24 years old","Male","Region I (Ilocos Region)","Yes","Private vehicle","May","1","Family and /or relatives","Private Vehicle","","Burnham Park;Mines View;Eco park;SM Baguio","Burnham Park;Mines View;SM Baguio","4","5","4","5","5","Location"
"2023/04/07 9:54:05 AM GMT+8","18 to 24 years old","Male","Region I (Ilocos Region)","Yes","Private vehicle","March","3","Friends or colleagues","Private Vehicle","Taxi","Burnham Park;Mines View;Sky Ranch Baguio;Baguio Cathedral;SM Baguio","Burnham Park;SM Baguio;Baguio Night Market","5","5","5","5","5","Cost"
"2023/04/07 9:54:06 AM GMT+8","18 to 24 years old","Male","CAR (Cordillera Administrative Region)","No","","","","","","","","","5","1","4","5","5","Location"
"2023/04/07 10:08:07 AM GMT+8","18 to 24 years old","Female","CAR (Cordillera Administrative Region)","Yes","None. I live here.","December","1","Family and /or relatives","Public Transportation","Jeepney","Botanical Garden","Eco Park;Diplomat Hotel;Botanical Garden","5","5","5","5","5","Location;Accessibility;Cost"
"2023/04/07 10:19:08 AM GMT+8","18 to 24 years old","Male","Region II (Cagayan Valley)","No","","","","","","","","","5","5","4","5","5","Accessibility;Cost;Lack of interest"
"2023/04/07 10:20:33 AM GMT+8","18 to 24 years old","Female","CAR (Cordillera Administrative Region)","Yes","Private vehicle","December","3","Friends or colleagues","Public Transportation","Jeepney","Burnham Park;Mines View;Wright Park;The Mansion;Camp John Hay;BenCab Musem;Botanical Garden;SM Baguio;Baguio Night Market;Good Shepherd Convent","Camp John Hay;BenCab Museum;SM Baguio","4","5","3","5","5","Accessibility;Lack of interest"
"2023/04/07 10:50:30 AM GMT+8","18 to 24 years old","Male","Region V (Bicol)","Yes","Private vehicle","December","4","Family and /or relatives","Private Vehicle","","Burnham Park;Mines View;SM Baguio;Baguio Night Market","Camp John Hay;Mirador Hill;Sky Ranch Baguio","5","5","1","5","5","Accessibility;Safety;Lack of interest"
"2023/04/07 10:52:10 AM GMT+8","18 to 24 years old","Female","Region I (Ilocos Region)","Yes","Private vehicle","December","1","Family and /or relatives","Private Vehicle","","Burnham Park;Mines View;Wright Park;Sky Ranch Baguio;Baguio Cathedral;Botanical Garden;SM Baguio","Camp John Hay;Baguio Museum;Baguio Night Market","5","4","4","5","3","Accessibility;Cost;Lack of interest"
"2023/04/07 11:39:30 AM GMT+8","18 to 24 years old","Male","CAR (Cordillera Administrative Region)","Yes","Private vehicle","December","2","Family and /or relatives","Private Vehicle","Jeepney","Burnham Park;The Mansion;Camp John Hay;Sky Ranch Baguio;SM Baguio","Igorot Stone Kingdom;Baguio Night Market;Good Shepherd Convent","5","5","5","5","5","Accessibility;Cost;Lack of interest"
"2023/04/07 12:15:31 PM GMT+8","18 to 24 years old","Female","Region I (Ilocos Region)","Yes","Van","March","5","Friends or colleagues","Walking","Jeepney","Burnham Park;Camp John Hay;Baguio Cathedral;SM Baguio;Baguio Night Market","Baguio Cathedral;SM Baguio;Baguio Night Market","5","5","5","5","5","Safety"
"2023/04/07 12:32:54 PM GMT+8","18 to 24 years old","Female","CAR (Cordillera Administrative Region)","Yes","Private vehicle","April","3","Co-workers","Walking","Taxi","Wright Park;Camp John Hay;Baguio Cathedral;Botanical Garden;Baguio Night Market","Mines View;Wright Park;The Mansion","5","5","5","5","5","Cost"
"2023/04/07 12:44:03 PM GMT+8","18 to 24 years old","Male","CAR (Cordillera Administrative Region)","Yes","Van","February","4","Friends or colleagues","Public Transportation","Jeepney","Burnham Park;Mines View;Wright Park;The Mansion;Camp John Hay;BenCab Musem;Tam-Awan Village;Mirador Hill;Eco park;Igorot Stone Kingdom;Diplomat Hotel;Yellow Trail;Bell House;Sky Ranch Baguio;Baguio Museum;Baguio Cathedral;Botanical Garden;SM Baguio;Baguio Night Market;Good Shepherd Convent","Igorot Stone Kingdom;Diplomat Hotel;Baguio Night Market","5","4","5","4","5","Cost"
"2023/04/07 12:48:47 PM GMT+8","18 to 24 years old","Female","CAR (Cordillera Administrative Region)","Yes","I study here","March","Months","Friends or colleagues","Public Transportation","Jeepney","Burnham Park;Mines View;Wright Park;The Mansion;Camp John Hay;Igorot Stone Kingdom;Sky Ranch Baguio;Baguio Museum;Baguio Cathedral;Botanical Garden;SM Baguio;Baguio Night Market;Good Shepherd Convent","Baguio Museum;Botanical Garden;Good Shepherd Convent","5","5","5","5","5","Accessibility;Cost;Lack of interest"
"2023/04/07 1:48:07 PM GMT+8","18 to 24 years old","Female","Region I (Ilocos Region)","Yes","Bus","December","2","Friends or colleagues","Public Transportation","Jeepney","Burnham Park;Mines View;BenCab Musem;Sky Ranch Baguio;Baguio Cathedral;SM Baguio;Baguio Night Market","Camp John Hay;Baguio Night Market;Good Shepherd Convent","4","5","5","3","4","Location;Lack of interest"
"2023/04/07 2:22:43 PM GMT+8","18 to 24 years old","Female","CAR (Cordillera Administrative Region)","Yes","None. I live here.","February","2","Family and /or relatives","Private Vehicle","","Burnham Park;Mines View;Camp John Hay;Botanical Garden;SM Baguio;Baguio Night Market;Good Shepherd Convent","Burnham Park;Mines View;Botanical Garden","5","5","5","5","5","Location;Accessibility;Cost;Safety;Lack of interest"
"2023/04/07 2:27:40 PM GMT+8","18 to 24 years old","Male","Region I (Ilocos Region)","No","","","","","","","","","5","5","5","5","3","Accessibility;Cost;Lack of interest"
"2023/04/07 4:43:24 PM GMT+8","18 to 24 years old","Male","CAR (Cordillera Administrative Region)","No","","","","","","","","","4","5","3","5","4","Accessibility;Lack of interest"
"2023/04/07 8:22:18 PM GMT+8","18 to 24 years old","Female","Ilocos Sur","Yes","Private vehicle","December","3","Family and /or relatives","Private Vehicle","Taxi","Burnham Park;Camp John Hay;Baguio Cathedral;SM Baguio;Baguio Night Market","Camp John Hay;BenCab Museum;Baguio Night Market","5","5","5","5","5","Safety"
"2023/04/07 8:31:11 PM GMT+8","18 to 24 years old","Male","Ilocos Sur","Yes","Bus","January","A month ","Friends or colleagues","Public Transportation","Taxi","Burnham Park;Mines View;Wright Park;The Mansion;Camp John Hay;Mirador Hill;Eco park;Diplomat Hotel;Sky Ranch Baguio;Baguio Cathedral;Botanical Garden;SM Baguio;Baguio Night Market;Good Shepherd Convent","Mines View;Baguio Cathedral;Baguio Night Market","5","5","5","5","5","None"
"2023/04/07 8:31:18 PM GMT+8","18 to 24 years old","Male","Region III (Central Luzon)","No","","","","","","","","","5","5","5","5","4","Cost"
"2023/04/07 8:48:06 PM GMT+8","18 to 24 years old","Female","Region III (Central Luzon)","Yes","Private vehicle","August","2","Family and /or relatives","Private Vehicle","","Burnham Park;Mines View;The Mansion;Sky Ranch Baguio;SM Baguio;Baguio Night Market","Burnham Park;Mines View;Baguio Night Market","5","5","3","5","4","Accessibility"
"2023/04/07 10:01:55 PM GMT+8","25 to 34 years old","Male","Region III (Central Luzon)","Yes","Bus","November","2","Family and /or relatives","Public Transportation","Taxi","Burnham Park;Botanical Garden;SM Baguio;Baguio Night Market","Burnham Park;Camp John Hay;Botanical Garden","4","4","3","5","3","Lack of interest"
"2023/04/07 10:12:11 PM GMT+8","18 to 24 years old","Male","Region III (Central Luzon)","Yes","Bus","April","2","Family and /or relatives","Public Transportation","Taxi","Burnham Park;Camp John Hay;Sky Ranch Baguio;Baguio Cathedral;SM Baguio;Baguio Night Market","Burnham Park;Botanical Garden;Baguio Night Market","5","5","5","5","4","Lack of interest"
"2023/04/07 11:26:49 PM GMT+8","18 to 24 years old","Male","Region I (Ilocos Region)","No","","","","","","","","","5","5","5","3","2","Cost"
"2023/04/08 10:28:59 AM GMT+8","18 to 24 years old","Male","CAR (Cordillera Administrative Region)","Yes","Private vehicle","April","3","Family and /or relatives","Private Vehicle","Taxi","Burnham Park;Mines View;Wright Park;The Mansion;Camp John Hay;Mirador Hill;Eco park;Igorot Stone Kingdom;Diplomat Hotel;Baguio Cathedral;Botanical Garden;SM Baguio;Baguio Night Market","Burnham Park;Eco Park;SM Baguio","5","5","5","5","5","Location;Accessibility;Cost;Safety;Lack of interest"
"2023/04/08 10:33:23 AM GMT+8","18 to 24 years old","Male","CAR (Cordillera Administrative Region)","Yes","None. I live here.","January","Everyday ","Family and /or relatives","Private Vehicle","","Burnham Park;Mines View;Wright Park;The Mansion;Camp John Hay;BenCab Musem;Diplomat Hotel;Bell House;Sky Ranch Baguio;Baguio Cathedral;Botanical Garden;SM Baguio;Baguio Night Market","Camp John Hay;Diplomat Hotel;Baguio Night Market","4","5","4","4","5","Time"
"2023/04/08 10:36:09 AM GMT+8","18 to 24 years old","Female","CAR (Cordillera Administrative Region)","Yes","None. I live here.","January","2","Family and /or relatives","Walking","Taxi","Burnham Park;Mines View;Wright Park;The Mansion;Camp John Hay;BenCab Musem;Tam-Awan Village;Bell House;Sky Ranch Baguio;Baguio Cathedral;SM Baguio;Baguio Night Market;Good Shepherd Convent","BenCab Museum;Tam-Awan Village;Ongasan, great wall","5","4","4","5","5","Lack of interest"
"2023/04/08 10:42:16 AM GMT+8","18 to 24 years old","Male","Region II (Cagayan Valley)","No","","","","","","","","","4","4","4","5","4","Lack of interest"
"2023/04/08 12:44:47 PM GMT+8","18 to 24 years old","Male","Ilocos Sur","Yes","Van","May","3","Family and /or relatives","Private Vehicle","","Burnham Park;Mines View;The Mansion;Camp John Hay;Mirador Hill;Eco park;Igorot Stone Kingdom;Sky Ranch Baguio;Baguio Cathedral;Botanical Garden;SM Baguio;Baguio Night Market","Mines View;Mirador Hill;Igorot Stone Kingdom","5","5","5","5","4","Location"
"2023/04/08 12:52:43 PM GMT+8","18 to 24 years old","Male","Region III (Central Luzon)","Yes","Van","December","3","Family and /or relatives","Private Vehicle","","Burnham Park;Mines View;Camp John Hay;Botanical Garden;SM Baguio;Baguio Night Market","Camp John Hay;BenCab Museum;Botanical Garden","5","5","4","5","4","Cost;Lack of interest"
"2023/04/08 1:22:55 PM GMT+8","18 to 24 years old","Female","Region II (Cagayan Valley)","Yes","Private vehicle","October","3","No one","Private Vehicle","Jeepney","Burnham Park;Mines View;Igorot Stone Kingdom;Baguio Cathedral;Botanical Garden;SM Baguio;Baguio Night Market;Good Shepherd Convent","Burnham Park;BenCab Museum;Sky Ranch Baguio","5","5","5","5","5","Location;Accessibility;Cost"
"2023/04/08 1:25:47 PM GMT+8","18 to 24 years old","Male","CAR (Cordillera Administrative Region)","Yes","Van","February","2","Friends or colleagues","Private Vehicle","Jeepney","Burnham Park;Mines View;The Mansion;Mirador Hill;Eco park;Baguio Museum;Baguio Cathedral;Botanical Garden;SM Baguio;Baguio Night Market","Burnham Park;Igorot Stone Kingdom;Sky Ranch Baguio","5","5","3","5","5","Location;Lack of interest"
"2023/04/08 1:31:03 PM GMT+8","18 to 24 years old","Male","Region III (Central Luzon)","Yes","Private vehicle","February","3","Co-workers","Walking","","Burnham Park;Mines View;The Mansion;Baguio Cathedral;Botanical Garden;SM Baguio;Baguio Night Market;Good Shepherd Convent","Burnham Park;Mines View;Good Shepherd Convent","5","5","5","5","5","Lack of interest"
"2023/04/08 1:44:11 PM GMT+8","25 to 34 years old","Female","Region II (Cagayan Valley)","Yes","Private vehicle","April","1","Family and /or relatives","Private Vehicle","","Burnham Park;Mines View;Wright Park;The Mansion","Burnham Park;Mines View;Wright Park","5","5","5","5","5","Cost"
"2023/04/08 1:45:02 PM GMT+8","18 to 24 years old","Female","Region II (Cagayan Valley)","No","","","","","","","","","4","5","5","5","4","Location;Accessibility;Lack of interest"
"2023/04/08 1:46:06 PM GMT+8","18 to 24 years old","Female","CAR (Cordillera Administrative Region)","Yes","Bus","March","1","Friends or colleagues","Public Transportation","Jeepney","Burnham Park;Baguio Cathedral;SM Baguio","The Mansion;Camp John Hay;Baguio Night Market","5","5","5","5","4","Lack of interest"
"2023/04/08 1:50:57 PM GMT+8","18 to 24 years old","Female","CAR (Cordillera Administrative Region)","Yes","Bus","March","1 week or 7 days","Family and /or relatives","Public Transportation","Jeepney","Burnham Park;Mines View;Diplomat Hotel;Baguio Cathedral;Good Shepherd Convent","BenCab Museum;Mirador Hill;Botanical Garden","5","5","4","5","5","Location;Accessibility"
"2023/04/08 1:51:09 PM GMT+8","18 to 24 years old","Male","CAR (Cordillera Administrative Region)","Yes","Bus","March","4","Family and /or relatives","Public Transportation","Jeepney","Burnham Park;Mines View;Wright Park;The Mansion;Baguio Cathedral;SM Baguio;Baguio Night Market","Mines View;Botanical Garden;Baguio Night Market","4","4","3","5","4","Location;Lack of interest"
"2023/04/08 1:52:08 PM GMT+8","18 to 24 years old","Female","CAR (Cordillera Administrative Region)","Yes","Bus","May","4","Family and /or relatives","Public Transportation","Taxi","Burnham Park;Mines View;Wright Park;The Mansion;Sky Ranch Baguio;SM Baguio;Baguio Night Market","The Mansion;Sky Ranch Baguio;Baguio Night Market","5","5","5","5","4","Cost"
"2023/04/08 1:53:43 PM GMT+8","35 to 44 years old","Female","CAR (Cordillera Administrative Region)","Yes","None. I live here.","April","5","Family and /or relatives","Public Transportation","Jeepney","Burnham Park;Mines View;Wright Park;The Mansion;Camp John Hay;Tam-Awan Village;Mirador Hill;Eco park;Diplomat Hotel;Bell House;Sky Ranch Baguio;Baguio Museum;Baguio Cathedral;Botanical Garden;SM Baguio;Baguio Night Market;Good Shepherd Convent","Wright Park;The Mansion;Baguio Cathedral","2","3","4","5","5","Lack of interest"
"2023/04/08 1:54:53 PM GMT+8","18 to 24 years old","Male","Region I (Ilocos Region)","Yes","Van","March","1","Friends or colleagues","Walking","Jeepney","Burnham Park;Mines View;The Mansion;Camp John Hay;Sky Ranch Baguio;Baguio Cathedral;SM Baguio;Baguio Night Market","Wright Park;The Mansion;Camp John Hay","5","5","4","5","4","Cost"
"2023/04/08 2:02:20 PM GMT+8","45 to 54 years old","Male","Region I (Ilocos Region)","Yes","None. I live here.","April","5","No one","Public Transportation","Jeepney","Burnham Park;Mines View;Wright Park;The Mansion;Camp John Hay;Eco park;Igorot Stone Kingdom;Baguio Museum;Baguio Cathedral;Botanical Garden;SM Baguio;Good Shepherd Convent","Wright Park;Diplomat Hotel;Botanical Garden","3","3","2","5","3","Safety;Lack of interest"
"2023/04/08 2:03:47 PM GMT+8","18 to 24 years old","Male","CAR (Cordillera Administrative Region)","Yes","None. I live here.","April","5","Family and /or relatives","Public Transportation","Jeepney","Burnham Park;Mines View;Wright Park;Baguio Cathedral;Botanical Garden;SM Baguio","Mines View;Wright Park;SM Baguio","2","2","1","5","4","Safety;Lack of interest"
"2023/04/08 2:05:22 PM GMT+8","18 to 24 years old","Female","Region I (Ilocos Region)","Yes","Van","April","1","Family and /or relatives","Private Vehicle","Jeepney","Burnham Park;Mines View;Wright Park;The Mansion;Igorot Stone Kingdom;Sky Ranch Baguio;SM Baguio","BenCab Museum;SM Baguio;Baguio Night Market","5","5","5","5","5","Location;Accessibility;Cost;Safety;Lack of interest"
"2023/04/08 2:07:29 PM GMT+8","18 to 24 years old","Male","Region III (Central Luzon)","Yes","Private vehicle","March","5","Family and /or relatives","Private Vehicle","","Burnham Park;Baguio Cathedral;SM Baguio;Baguio Night Market","Burnham Park;SM Baguio;Baguio Night Market","3","3","3","3","3","Accessibility;Cost"
"2023/04/08 2:20:35 PM GMT+8","18 to 24 years old","Male","CAR (Cordillera Administrative Region)","Yes","Van","April","2","Family and /or relatives","Public Transportation","Jeepney","Burnham Park;Mines View;Wright Park;The Mansion;Camp John Hay;Yellow Trail;Sky Ranch Baguio;SM Baguio;Baguio Night Market","BenCab Museum;Tam-Awan Village;Baguio Night Market","5","5","5","5","5","Safety;Lack of interest"
"2023/04/08 2:23:14 PM GMT+8","35 to 44 years old","Female","Region III (Central Luzon)","Yes","Bus","April","5","Friends or colleagues","Public Transportation","Jeepney","Burnham Park;Mines View;Wright Park;The Mansion;Camp John Hay;Baguio Museum;Baguio Cathedral;Botanical Garden;SM Baguio;Baguio Night Market","Mines View;Wright Park;The Mansion","3","4","4","4","3","Location;Accessibility"
"2023/04/08 2:26:13 PM GMT+8","18 to 24 years old","Female","Region III (Central Luzon)","Yes","Private vehicle","April","3","Family and /or relatives","Public Transportation","Bus","Burnham Park;Camp John Hay;Sky Ranch Baguio;Baguio Museum","Burnham Park;SM Baguio;Baguio Night Market","4","4","4","4","4","Location;Safety"
"2023/04/08 2:27:15 PM GMT+8","18 to 24 years old","Male","CAR (Cordillera Administrative Region)","Yes","Private vehicle","March","2","Friends or colleagues","Private Vehicle","","Burnham Park;Mines View;Wright Park;Yellow Trail;SM Baguio;Baguio Night Market","Burnham Park;BenCab Museum;Yellow Trail","4","4","5","5","5","Accessibility;Cost"
"2023/04/08 3:10:58 PM GMT+8","18 to 24 years old","Female","Region II (Cagayan Valley)","Yes","Private vehicle","December","3","Family and /or relatives","Walking","","Burnham Park;Botanical Garden;Baguio Night Market","Burnham Park;Igorot Stone Kingdom;Botanical Garden","5","4","4","5","5","Location;Accessibility;Cost;Safety;Lack of interest;"
"2023/04/08 3:15:40 PM GMT+8","18 to 24 years old","Male","Region II (Cagayan Valley)","Yes","Private vehicle","December","3","Family and /or relatives","Private Vehicle","Taxi","Burnham Park;Mines View;Wright Park;The Mansion;Camp John Hay;Baguio Cathedral;Botanical Garden;SM Baguio;Baguio Night Market;Good Shepherd Convent","Mines View;Wright Park;Botanical Garden","5","5","5","5","5","Location;Accessibility"
"2023/04/08 3:51:58 PM GMT+8","18 to 24 years old","Female","Region I (Ilocos Region)","Yes","Private vehicle","May","3","Family and /or relatives","Private Vehicle","","Burnham Park;Mines View;Wright Park;The Mansion;Mirador Hill;Diplomat Hotel;Baguio Cathedral;SM Baguio;Baguio Night Market","Mirador Hill;Diplomat Hotel;Baguio Night Market","3","5","5","3","4","Location;Accessibility"
"2023/04/08 4:09:28 PM GMT+8","45 to 54 years old","Female","Region I (Ilocos Region)","Yes","Private vehicle","March","3","Family and /or relatives","Private Vehicle","Bus","Burnham Park;Mines View;Wright Park;The Mansion;Camp John Hay;Tam-Awan Village;Sky Ranch Baguio;Botanical Garden;SM Baguio;Baguio Night Market;Good Shepherd Convent","Burnham Park;Camp John Hay;Baguio Night Market","5","5","5","5","5","Accessibility"
"2023/04/08 4:39:19 PM GMT+8","18 to 24 years old","Female","CAR (Cordillera Administrative Region)","Yes","Private vehicle","December","A week? ","Family and /or relatives","Private Vehicle","Taxi","Burnham Park;Mines View;The Mansion;Camp John Hay;SM Baguio","Burnham Park;Camp John Hay;SM Baguio","5","5","5","5","3","Location"
"2023/04/08 4:57:01 PM GMT+8","18 to 24 years old","Female","CAR (Cordillera Administrative Region)","Yes","Private vehicle","October","3","Family and /or relatives","Public Transportation","Taxi","Burnham Park;The Mansion;Camp John Hay;Igorot Stone Kingdom;Sky Ranch Baguio;SM Baguio;Baguio Night Market","Burnham Park;Diplomat Hotel;Baguio Night Market","3","4","5","5","5","Cost"
"2023/04/08 5:59:27 PM GMT+8","18 to 24 years old","Female","Region II (Cagayan Valley)","Yes","Private vehicle","April","2","Family and /or relatives","Private Vehicle","Jeepney","Burnham Park;Mines View;Wright Park;The Mansion;Baguio Cathedral;Botanical Garden;SM Baguio","Mines View;Botanical Garden;Baguio Night Market","5","5","5","5","5","Accessibility"
"2023/04/08 6:46:42 PM GMT+8","18 to 24 years old","Female","CAR (Cordillera Administrative Region)","Yes","Bus","March","2","Friends or colleagues","Public Transportation","Jeepney","Burnham Park;Camp John Hay;Mirador Hill;Sky Ranch Baguio;Baguio Cathedral;Botanical Garden;SM Baguio;Baguio Night Market","Burnham Park;Mirador Hill;Botanical Garden","5","5","5","5","5","Location;Cost"
"2023/04/08 7:22:27 PM GMT+8","18 to 24 years old","Female","CAR (Cordillera Administrative Region)","No","","","","","","","","","5","5","3","4","3","Accessibility;Lack of interest"
"2023/04/08 8:24:18 PM GMT+8","18 to 24 years old","Female","CAR (Cordillera Administrative Region)","Yes","Private vehicle","March","2","Family and /or relatives","Private Vehicle","Jeepney","Burnham Park;Camp John Hay;SM Baguio;Baguio Night Market","Burnham Park;SM Baguio;Baguio Night Market","5","5","5","5","4","Location;Accessibility;Safety;Lack of interest"
"2023/04/08 9:37:00 PM GMT+8","25 to 34 years old","Male","CAR (Cordillera Administrative Region)","Yes","None. I live here.","August","3","Family and /or relatives","Public Transportation","Jeepney","Burnham Park;Mines View;Camp John Hay;Sky Ranch Baguio;Baguio Museum;Good Shepherd Convent","Sky Ranch Baguio;Baguio Night Market;Good Shepherd Convent","5","5","3","5","5","Location;Accessibility"
"2023/04/09 11:11:29 AM GMT+8","18 to 24 years old","Prefer not to say","CAR (Cordillera Administrative Region)","Yes","None. I live here.","April","3","Family and /or relatives","Public Transportation","Jeepney","Burnham Park;Bell House;Sky Ranch Baguio;Baguio Museum;Baguio Cathedral","Burnham Park;Bell House;Baguio Cathedral","5","5","2","5","5","Cost"
"2023/04/09 11:15:56 AM GMT+8","18 to 24 years old","Prefer not to say","CAR (Cordillera Administrative Region)","Yes","Private vehicle","March","4","Friends or colleagues","Public Transportation","Jeepney","Burnham Park;Mines View;Wright Park;The Mansion;Camp John Hay;Baguio Museum;Baguio Cathedral;Botanical Garden;SM Baguio;Baguio Night Market","Mines View;Wright Park;The Mansion","5","4","5","5","5","Safety"
"2023/04/09 11:19:42 AM GMT+8","18 to 24 years old","Male","CAR (Cordillera Administrative Region)","Yes","Bus","April","5","Friends or colleagues","Public Transportation","Jeepney","Burnham Park;Mines View;Camp John Hay;Diplomat Hotel;Baguio Museum","Mines View;Diplomat Hotel;Baguio Museum","5","5","1","5","5","Accessibility;Safety;Lack of interest"
"2023/04/09 12:55:27 PM GMT+8","18 to 24 years old","Female","CAR (Cordillera Administrative Region)","Yes","None. I live here.","April","5","Family and /or relatives","Public Transportation","Jeepney","Burnham Park;Mines View;Wright Park;The Mansion;Camp John Hay;BenCab Musem;Sky Ranch Baguio","Burnham Park;Wright Park;The Mansion","5","5","5","5","5","Lack of interest"
"2023/04/09 10:46:32 PM GMT+8","18 to 24 years old","Male","Region I (Ilocos Region)","Yes","Private vehicle","January","1","Friends or colleagues","Public Transportation","Jeepney","Burnham Park;SM Baguio;Baguio Night Market","Burnham Park;Sky Ranch Baguio;SM Baguio","5","5","4","5","5","Location"
"2023/04/09 10:48:22 PM GMT+8","18 to 24 years old","Male","Region I (Ilocos Region)","Yes","Private vehicle","February","1","Family and /or relatives","Private Vehicle","","SM Baguio;Baguio Night Market","Burnham Park;Camp John Hay;Igorot Stone Kingdom","5","5","5","5","5","Location;Accessibility"
"2023/04/10 2:03:16 PM GMT+8","18 to 24 years old","Male","Region I (Ilocos Region)","Yes","Private vehicle","March","1","Family and /or relatives","Private Vehicle","Taxi","Burnham Park;Mines View;Camp John Hay","Burnham Park;Botanical Garden;Baguio Night Market","4","3","3","3","3","Accessibility"
"2023/04/11 6:32:02 PM GMT+8","18 to 24 years old","Male","Region I (Ilocos Region)","Yes","Private vehicle","April","4","Family and /or relatives","Walking","Taxi","Burnham Park;Mines View;Wright Park;Sky Ranch Baguio;SM Baguio;Baguio Night Market","Burnham Park;Mines View;SM Baguio","5","5","5","5","1","Lack of interest"
"2023/04/11 6:47:21 PM GMT+8","18 to 24 years old","Female","CAR (Cordillera Administrative Region)","Yes","Private vehicle","March","3","Family and /or relatives","Private Vehicle","","Burnham Park;Wright Park;The Mansion;Tam-Awan Village;Sky Ranch Baguio;Baguio Museum;Baguio Cathedral;Botanical Garden;SM Baguio;Baguio Night Market","The Mansion;Sky Ranch Baguio;Baguio Museum","5","5","5","5","4","Lack of parking space"
"2023/04/11 8:09:02 PM GMT+8","18 to 24 years old","Female","Region II (Cagayan Valley)","Yes","Motorcycle","December","4","Friends or colleagues","Private Vehicle","","Burnham Park;Mines View;Wright Park;The Mansion;Camp John Hay;Igorot Stone Kingdom;Diplomat Hotel;SM Baguio","Burnham Park;Camp John Hay;Igorot Stone Kingdom","5","5","3","5","5","Location;Accessibility;Cost;Safety;Lack of interest"
"2023/04/11 8:21:59 PM GMT+8","18 to 24 years old","Prefer not to say","Region I (Ilocos Region)","Yes","Bus","January","2","Family and /or relatives","Walking","Jeepney","Burnham Park;Mines View;The Mansion;Tam-Awan Village;Botanical Garden;SM Baguio","Diplomat Hotel;Sky Ranch Baguio;SM Baguio","4","4","4","4","3","Location;Accessibility"
"2023/04/11 9:20:03 PM GMT+8","18 to 24 years old","Female","Region VI (Western Visayas)","Yes","Private vehicle","December","15","Family and /or relatives","Private Vehicle","","SM Baguio","Baguio Museum;SM Baguio;Baguio Night Market","4","3","3","3","3","Location;Cost"
"2023/04/12 6:11:43 AM GMT+8","18 to 24 years old","Male","Region I (Ilocos Region)","No","","","","","","","","","5","5","5","5","3","Location;Accessibility;Cost"
"2023/04/12 10:05:42 AM GMT+8","18 to 24 years old","Male","CAR (Cordillera Administrative Region)","Yes","Bus","April","5","Friends or colleagues","Public Transportation","Jeepney","Burnham Park;Mines View;Wright Park;Tam-Awan Village;SM Baguio;Baguio Night Market","Camp John Hay;BenCab Museum;Igorot Stone Kingdom","5","4","4","5","3","Accessibility;Safety;Lack of interest"
"2023/04/13 10:43:24 AM GMT+8","18 to 24 years old","Male","CAR (Cordillera Administrative Region)","No","","","","","","","","","4","5","5","4","2","Cost"
"2023/04/13 10:43:47 AM GMT+8","18 to 24 years old","Male","Region I (Ilocos Region)","Yes","Private vehicle","April","3","Family and /or relatives","Private Vehicle","Taxi","Burnham Park;Mines View;Camp John Hay;Tam-Awan Village;Eco park;Sky Ranch Baguio;Baguio Cathedral;SM Baguio;Baguio Night Market","Burnham Park;Camp John Hay;Baguio Night Market","5","5","5","5","5","Cost;Safety;Lack of interest"
"2023/04/13 10:45:37 AM GMT+8","18 to 24 years old","Male","Region I (Ilocos Region)","Yes","Private vehicle","March","1","Family and /or relatives","Private Vehicle","Jeepney","Sky Ranch Baguio;SM Baguio","Burnham Park;Mines View;Baguio Night Market","5","5","5","5","5","Cost;Safety"
"2023/04/13 10:45:45 AM GMT+8","18 to 24 years old","Male","Region I (Ilocos Region)","Yes","Private vehicle","December","3","Family and /or relatives","Private Vehicle","Taxi","Burnham Park;Mines View;Camp John Hay;Tam-Awan Village;Sky Ranch Baguio;Baguio Cathedral;SM Baguio;Baguio Night Market","Burnham Park;Tam-Awan Village;SM Baguio","5","5","5","5","5","Location;Accessibility;Cost;Safety;Lack of interest"
"2023/04/13 10:48:10 AM GMT+8","18 to 24 years old","Male","Region I (Ilocos Region)","Yes","Private vehicle","January","4","Family and /or relatives","Private Vehicle","Taxi","Burnham Park;Wright Park;The Mansion;Camp John Hay;Sky Ranch Baguio;Baguio Museum;Baguio Cathedral;SM Baguio;Baguio Night Market","Camp John Hay;SM Baguio;Baguio Night Market","5","5","5","5","5","Location;Accessibility;Cost;Safety;Lack of interest"
"2023/04/13 10:49:13 AM GMT+8","18 to 24 years old","Male","Region I (Ilocos Region)","Yes","Private vehicle","April","4","Family and /or relatives","Private Vehicle","Taxi","Burnham Park;Mines View;Camp John Hay;Tam-Awan Village;Sky Ranch Baguio;SM Baguio","Burnham Park;Mines View;Camp John Hay","5","5","5","5","5","Location;Accessibility;Cost;Safety;Lack of interest"
"2023/04/13 10:51:01 AM GMT+8","18 to 24 years old","Male","Region I (Ilocos Region)","Yes","Bus","October","4","Family and /or relatives","Public Transportation","Bus","Burnham Park;Mines View;Eco park;Baguio Cathedral;SM Baguio;Baguio Night Market","Burnham Park;Eco Park;Baguio Night Market","5","5","5","5","5","Location;Accessibility;Cost;Safety;Lack of interest"
"2023/04/13 10:52:11 AM GMT+8","18 to 24 years old","Male","Region I (Ilocos Region)","Yes","Private vehicle","February","3","Family and /or relatives","Private Vehicle","Taxi","Burnham Park;Camp John Hay;Tam-Awan Village;Sky Ranch Baguio;Baguio Cathedral;SM Baguio;Baguio Night Market","Burnham Park;Tam-Awan Village;Baguio Night Market","5","5","5","5","5","Location;Accessibility;Cost;Safety;Lack of interest"
"2023/04/13 10:53:11 AM GMT+8","18 to 24 years old","Male","Region I (Ilocos Region)","Yes","Private vehicle","April","4","Family and /or relatives","Private Vehicle","Taxi","Burnham Park;Mines View;Wright Park;The Mansion;Igorot Stone Kingdom;Diplomat Hotel;Sky Ranch Baguio;Baguio Museum;SM Baguio;Baguio Night Market","Burnham Park;Diplomat Hotel;Baguio Night Market","5","5","5","5","5","Location;Accessibility;Cost;Safety;Lack of interest"
"2023/04/13 10:55:14 AM GMT+8","18 to 24 years old","Male","Region I (Ilocos Region)","Yes","Private vehicle","March","3","Family and /or relatives","Public Transportation","Taxi","Burnham Park;Mines View;Wright Park;The Mansion;Camp John Hay;BenCab Musem;Tam-Awan Village","Burnham Park;Mines View;Wright Park","5","5","5","5","5","Location;Accessibility;Cost;Safety;Lack of interest"
"2023/04/13 10:57:39 AM GMT+8","18 to 24 years old","Male","CAR (Cordillera Administrative Region)","Yes","Van","December","2","Family and /or relatives","Public Transportation","Jeepney","Burnham Park;Mines View;Wright Park;The Mansion;Camp John Hay;BenCab Musem;Tam-Awan Village;Mirador Hill;Eco park;Igorot Stone Kingdom;Diplomat Hotel;Yellow Trail;Bell House;Sky Ranch Baguio;Baguio Museum;Baguio Cathedral;Botanical Garden;SM Baguio;Baguio Night Market;Good Shepherd Convent","Burnham Park;Mines View;Wright Park","3","3","3","3","3","Cost"
"2023/04/13 10:58:46 AM GMT+8","18 to 24 years old","Female","Region I (Ilocos Region)","Yes","Van","March","1","Family and /or relatives","Private Vehicle","","Burnham Park;Sky Ranch Baguio;Baguio Night Market","Burnham Park;SM Baguio;Baguio Night Market","5","5","5","5","5","Parking "
"2023/04/13 10:58:49 AM GMT+8","18 to 24 years old","Female","Region III (Central Luzon)","Yes","Private vehicle","January","2","Family and /or relatives","Private Vehicle","Taxi","Burnham Park;Wright Park;The Mansion;Camp John Hay;Sky Ranch Baguio;SM Baguio;Baguio Night Market;Good Shepherd Convent","Camp John Hay;Botanical Garden;Baguio Night Market","5","5","4","5","5","Location;Accessibility"
"2023/04/13 11:00:22 AM GMT+8","18 to 24 years old","Male","Region IV-A (CALABARZON)","No","","","","","","","","","5","5","5","5","5","Cost"
"2023/04/13 11:09:16 AM GMT+8","18 to 24 years old","Female","Region I (Ilocos Region)","Yes","Bus","March","2","Friends or colleagues","Walking","Jeepney","Baguio Cathedral;SM Baguio","Camp John Hay;Baguio Museum;Baguio Night Market","4","5","5","5","3","Safety"
"2023/04/13 11:19:47 AM GMT+8","18 to 24 years old","Male","CAR (Cordillera Administrative Region)","Yes","Private vehicle","August","4","Family and /or relatives","Private Vehicle","Jeepney","Burnham Park;Mines View;Baguio Cathedral;SM Baguio","Burnham Park;Baguio Cathedral;Baguio Night Market","5","5","5","5","5","Cost"
"2023/04/13 11:24:31 AM GMT+8","18 to 24 years old","Male","CAR (Cordillera Administrative Region)","Yes","Motorcycle","May","5","Friends or colleagues","Private Vehicle","motorcycle","Burnham Park;Mines View;Wright Park;The Mansion;Camp John Hay;Igorot Stone Kingdom;Diplomat Hotel;Sky Ranch Baguio;Baguio Museum;Baguio Cathedral;Botanical Garden;SM Baguio;Baguio Night Market","Botanical Garden;SM Baguio;Baguio Night Market","5","4","4","5","3","Lack of interest"
"2023/04/13 1:42:28 PM GMT+8","18 to 24 years old","Female","CAR (Cordillera Administrative Region)","Yes","Private vehicle","April","5","Family and /or relatives","Public Transportation","Jeepney","Burnham Park;Mines View;Camp John Hay;Mirador Hill;SM Baguio;Baguio Night Market;Good Shepherd Convent","Camp John Hay;Mirador Hill;Botanical Garden","5","5","5","5","4","Location;Accessibility;Cost"
"2023/04/13 1:46:11 PM GMT+8","18 to 24 years old","Female","CAR (Cordillera Administrative Region)","Yes","Private vehicle","December","2","Family and /or relatives","Private Vehicle","","Burnham Park;The Mansion;Botanical Garden;SM Baguio;Baguio Night Market","Burnham Park;Botanical Garden;Baguio Night Market","5","5","5","5","4","Location;Accessibility;Cost;Lack of interest"
"2023/04/13 1:48:26 PM GMT+8","18 to 24 years old","Male","CAR (Cordillera Administrative Region)","Yes","Private vehicle","April","4","Friends or colleagues","Public Transportation","Jeepney","Burnham Park;Mines View;Wright Park;Camp John Hay;Tam-Awan Village;Diplomat Hotel;Yellow Trail;Baguio Cathedral;SM Baguio;Baguio Night Market;Good Shepherd Convent","Camp John Hay;Mirador Hill;Baguio Night Market","5","4","5","5","5","Accessibility;Lack of interest"
"2023/04/13 1:52:06 PM GMT+8","18 to 24 years old","Male","CAR (Cordillera Administrative Region)","Yes","Van","September","2","Friends or colleagues","Private Vehicle","Taxi","Burnham Park;SM Baguio;Baguio Night Market","Burnham Park;Igorot Stone Kingdom;Baguio Night Market","5","5","4","5","1","Cost"
"2023/04/13 1:53:27 PM GMT+8","18 to 24 years old","Female","CAR (Cordillera Administrative Region)","Yes","Private vehicle","April","5","Family and /or relatives","Public Transportation","Jeepney","Burnham Park;Mines View;SM Baguio;Baguio Night Market","Mines View;SM Baguio;Baguio Night Market","5","5","5","5","5","Cost"
"2023/04/13 2:20:21 PM GMT+8","18 to 24 years old","Male","Region II (Cagayan Valley)","Yes","Van","January","2","Friends or colleagues","Public Transportation","Jeepney","Burnham Park;SM Baguio;Baguio Night Market","Burnham Park;Camp John Hay;Baguio Night Market","5","4","5","5","5","Not having a private vehicle "
"2023/04/13 2:21:06 PM GMT+8","35 to 44 years old","Female","CAR (Cordillera Administrative Region)","Yes","Van","April","14","Family and /or relatives","Public Transportation","All of the above","Burnham Park;Mines View;Wright Park;The Mansion;Camp John Hay;BenCab Musem;Tam-Awan Village;Mirador Hill;Eco park;Igorot Stone Kingdom;Diplomat Hotel;Yellow Trail;Bell House;Sky Ranch Baguio;Baguio Museum;Baguio Cathedral;Botanical Garden;SM Baguio;Baguio Night Market;Good Shepherd Convent","Burnham Park;Camp John Hay;Botanical Garden","5","5","5","5","5","Lack of interest"
"2023/04/13 2:41:16 PM GMT+8","18 to 24 years old","Female","Region II (Cagayan Valley)","Yes","Private vehicle","August","1 week","Family and /or relatives","Private Vehicle","Jeepney","Burnham Park;Mines View;Wright Park;The Mansion;Camp John Hay;Botanical Garden;SM Baguio;Baguio Night Market;Good Shepherd Convent","Burnham Park;The Mansion;Botanical Garden","5","5","5","5","5","Lack of interest"
"2023/04/13 2:45:03 PM GMT+8","18 to 24 years old","Female","Region II (Cagayan Valley)","Yes","Van","March","3","Friends or colleagues","Public Transportation","Jeepney","Burnham Park;Wright Park;The Mansion;Camp John Hay;Igorot Stone Kingdom;Bell House;SM Baguio;Baguio Night Market;Good Shepherd Convent","Camp John Hay;Bell House;Baguio Night Market","4","4","4","5","4","Accessibility;Lack of interest"
"2023/04/13 2:46:56 PM GMT+8","18 to 24 years old","Male","CAR (Cordillera Administrative Region)","Yes","Private vehicle","February","2","Friends or colleagues","Private Vehicle","","Burnham Park;Mines View;Camp John Hay;Igorot Stone Kingdom;Diplomat Hotel;Baguio Cathedral;SM Baguio","Burnham Park;Camp John Hay;Baguio Cathedral","5","5","5","5","5","Cost;Lack of interest"
"2023/04/13 3:04:48 PM GMT+8","18 to 24 years old","Male","CAR (Cordillera Administrative Region)","Yes","Van","January","1","Family and /or relatives","Public Transportation","Taxi","Burnham Park;Eco park;SM Baguio;Baguio Night Market","Burnham Park;Eco Park;Igorot Stone Kingdom","4","5","3","5","5","Accessibility"
"2023/04/13 3:51:26 PM GMT+8","18 to 24 years old","Male","Region II (Cagayan Valley)","Yes","Bus","April","4","Family and /or relatives","Public Transportation","Jeepney","Burnham Park;Baguio Cathedral","Burnham Park;Tam-Awan Village;Baguio Cathedral","5","4","3","4","4","Location"
"2023/04/13 4:45:37 PM GMT+8","18 to 24 years old","Female","CAR (Cordillera Administrative Region)","Yes","Van","January","3","Family and /or relatives","Walking","","Burnham Park;Mines View;Wright Park;The Mansion;Camp John Hay;Eco park;Igorot Stone Kingdom;Diplomat Hotel;Sky Ranch Baguio;Baguio Museum;Baguio Cathedral;Botanical Garden;SM Baguio;Baguio Night Market;Good Shepherd Convent","Sky Ranch Baguio;Baguio Cathedral;Baguio Night Market","4","5","4","5","5","Lack of interest"
"2023/04/13 5:16:53 PM GMT+8","18 to 24 years old","Male","Region II (Cagayan Valley)","Yes","Private vehicle","September","5","Friends or colleagues","Private Vehicle","Jeepney","Burnham Park;Mines View;Wright Park;The Mansion;Camp John Hay;Botanical Garden;SM Baguio;Baguio Night Market;Good Shepherd Convent","Burnham Park;Sky Ranch Baguio;Baguio Night Market","5","5","5","5","5","Cost"
"2023/04/13 8:35:22 PM GMT+8","18 to 24 years old","Male","Region II (Cagayan Valley)","Yes","Van","December","1","Family and /or relatives","Public Transportation","Jeepney","Burnham Park;Mines View;SM Baguio","Burnham Park;Mines View;Igorot Stone Kingdom","4","5","5","5","5","Cost"
"2023/04/13 10:33:06 PM GMT+8","18 to 24 years old","Female","CAR (Cordillera Administrative Region)","Yes","Van","March","3","Friends or colleagues","Public Transportation","Jeepney","Camp John Hay;SM Baguio;Baguio Night Market","BenCab Museum;Tam-Awan Village;Baguio Night Market","5","5","5","5","5","traffic"